[{"model": "admin.logentry", "pk": 1, "fields": {"action_time": "2021-10-22T13:17:36.320Z", "user": 1, "content_type": 7, "object_id": "1", "object_repr": "craftybear.example.com", "action_flag": 2, "change_message": "[{\"changed\": {\"fields\": [\"Domain name\", \"Display name\"]}}]"}}, {"model": "admin.logentry", "pk": 2, "fields": {"action_time": "2021-10-22T13:27:00.866Z", "user": 1, "content_type": 8, "object_id": "1", "object_repr": "pete.baker111@gmail.com", "action_flag": 2, "change_message": "[{\"changed\": {\"fields\": [\"Verified\", \"Primary\"]}}]"}}, {"model": "admin.logentry", "pk": 3, "fields": {"action_time": "2021-11-08T10:39:37.527Z", "user": 1, "content_type": 13, "object_id": "1", "object_repr": "all_products", "action_flag": 1, "change_message": "[{\"added\": {}}]"}}, {"model": "admin.logentry", "pk": 4, "fields": {"action_time": "2021-11-08T10:40:02.288Z", "user": 1, "content_type": 13, "object_id": "2", "object_repr": "merchandise", "action_flag": 1, "change_message": "[{\"added\": {}}]"}}, {"model": "admin.logentry", "pk": 5, "fields": {"action_time": "2021-11-08T10:40:16.096Z", "user": 1, "content_type": 13, "object_id": "3", "object_repr": "cans", "action_flag": 1, "change_message": "[{\"added\": {}}]"}}, {"model": "admin.logentry", "pk": 6, "fields": {"action_time": "2021-11-08T10:40:38.420Z", "user": 1, "content_type": 13, "object_id": "4", "object_repr": "bottles", "action_flag": 1, "change_message": "[{\"added\": {}}]"}}, {"model": "admin.logentry", "pk": 7, "fields": {"action_time": "2021-11-08T10:40:59.821Z", "user": 1, "content_type": 13, "object_id": "5", "object_repr": "stouts", "action_flag": 1, "change_message": "[{\"added\": {}}]"}}, {"model": "admin.logentry", "pk": 8, "fields": {"action_time": "2021-11-08T10:41:19.631Z", "user": 1, "content_type": 13, "object_id": "6", "object_repr": "ipas", "action_flag": 1, "change_message": "[{\"added\": {}}]"}}, {"model": "admin.logentry", "pk": 9, "fields": {"action_time": "2021-11-08T11:03:01.864Z", "user": 1, "content_type": 13, "object_id": "6", "object_repr": "ipas", "action_flag": 3, "change_message": ""}}, {"model": "admin.logentry", "pk": 10, "fields": {"action_time": "2021-11-08T11:03:01.900Z", "user": 1, "content_type": 13, "object_id": "5", "object_repr": "stouts", "action_flag": 3, "change_message": ""}}, {"model": "admin.logentry", "pk": 11, "fields": {"action_time": "2021-11-08T11:03:01.933Z", "user": 1, "content_type": 13, "object_id": "4", "object_repr": "bottles", "action_flag": 3, "change_message": ""}}, {"model": "admin.logentry", "pk": 12, "fields": {"action_time": "2021-11-08T11:03:01.964Z", "user": 1, "content_type": 13, "object_id": "3", "object_repr": "cans", "action_flag": 3, "change_message": ""}}, {"model": "admin.logentry", "pk": 13, "fields": {"action_time": "2021-11-08T11:03:01.997Z", "user": 1, "content_type": 13, "object_id": "2", "object_repr": "merchandise", "action_flag": 3, "change_message": ""}}, {"model": "admin.logentry", "pk": 14, "fields": {"action_time": "2021-11-08T11:03:02.030Z", "user": 1, "content_type": 13, "object_id": "1", "object_repr": "all_products", "action_flag": 3, "change_message": ""}}, {"model": "admin.logentry", "pk": 15, "fields": {"action_time": "2021-11-08T11:25:10.669Z", "user": 1, "content_type": 14, "object_id": "2", "object_repr": "Full Stout Ahead", "action_flag": 1, "change_message": "[{\"added\": {}}]"}}, {"model": "admin.logentry", "pk": 16, "fields": {"action_time": "2021-11-09T09:46:59.376Z", "user": 1, "content_type": 14, "object_id": "1", "object_repr": "West Coast IPA 330ml can", "action_flag": 2, "change_message": "[{\"changed\": {\"fields\": [\"Sku\"]}}]"}}, {"model": "admin.logentry", "pk": 17, "fields": {"action_time": "2021-11-09T09:47:13.343Z", "user": 1, "content_type": 14, "object_id": "2", "object_repr": "Full Stout Ahead", "action_flag": 2, "change_message": "[{\"changed\": {\"fields\": [\"Sku\"]}}]"}}, {"model": "admin.logentry", "pk": 18, "fields": {"action_time": "2021-11-09T09:49:14.999Z", "user": 1, "content_type": 14, "object_id": "3", "object_repr": "BIMBO'S Imperial Red 8%", "action_flag": 1, "change_message": "[{\"added\": {}}]"}}, {"model": "admin.logentry", "pk": 19, "fields": {"action_time": "2021-11-09T09:50:58.738Z", "user": 1, "content_type": 14, "object_id": "4", "object_repr": "TRADE SECRET  Belgian blonde 6%", "action_flag": 1, "change_message": "[{\"added\": {}}]"}}, {"model": "admin.logentry", "pk": 20, "fields": {"action_time": "2021-11-09T09:52:54.559Z", "user": 1, "content_type": 14, "object_id": "5", "object_repr": "New World Pale Ale 500ml", "action_flag": 1, "change_message": "[{\"added\": {}}]"}}, {"model": "admin.logentry", "pk": 21, "fields": {"action_time": "2021-11-09T09:56:44.859Z", "user": 1, "content_type": 14, "object_id": "6", "object_repr": "11oz Black Mug", "action_flag": 1, "change_message": "[{\"added\": {}}]"}}, {"model": "admin.logentry", "pk": 22, "fields": {"action_time": "2021-11-09T09:57:55.271Z", "user": 1, "content_type": 14, "object_id": "7", "object_repr": "11oz White Mug", "action_flag": 1, "change_message": "[{\"added\": {}}]"}}, {"model": "admin.logentry", "pk": 23, "fields": {"action_time": "2021-11-09T09:59:15.448Z", "user": 1, "content_type": 14, "object_id": "8", "object_repr": "Snug-Fit Polyester Face Mask", "action_flag": 1, "change_message": "[{\"added\": {}}]"}}, {"model": "admin.logentry", "pk": 24, "fields": {"action_time": "2021-11-09T10:00:38.371Z", "user": 1, "content_type": 14, "object_id": "2", "object_repr": "Full Stout Ahead", "action_flag": 2, "change_message": "[{\"changed\": {\"fields\": [\"Image\"]}}]"}}, {"model": "admin.logentry", "pk": 25, "fields": {"action_time": "2021-11-09T10:08:51.420Z", "user": 1, "content_type": 14, "object_id": "9", "object_repr": "Tastes Like Sumt'n 500ml", "action_flag": 1, "change_message": "[{\"added\": {}}]"}}, {"model": "admin.logentry", "pk": 26, "fields": {"action_time": "2021-11-09T10:24:05.700Z", "user": 1, "content_type": 14, "object_id": "6", "object_repr": "11oz Black Mug", "action_flag": 2, "change_message": "[{\"changed\": {\"fields\": [\"Image\"]}}]"}}, {"model": "admin.logentry", "pk": 27, "fields": {"action_time": "2021-11-09T11:07:38.246Z", "user": 1, "content_type": 14, "object_id": "1", "object_repr": "West Coast IPA 330ml can", "action_flag": 2, "change_message": "[{\"changed\": {\"fields\": [\"Image\"]}}]"}}, {"model": "admin.logentry", "pk": 28, "fields": {"action_time": "2021-11-09T13:45:01.189Z", "user": 1, "content_type": 14, "object_id": "5", "object_repr": "New World Pale Ale 500ml", "action_flag": 2, "change_message": "[{\"changed\": {\"fields\": [\"Image\"]}}]"}}, {"model": "admin.logentry", "pk": 29, "fields": {"action_time": "2021-11-09T13:47:46.348Z", "user": 1, "content_type": 14, "object_id": "7", "object_repr": "11oz White Mug", "action_flag": 2, "change_message": "[{\"changed\": {\"fields\": [\"Image\"]}}]"}}, {"model": "admin.logentry", "pk": 30, "fields": {"action_time": "2021-11-09T13:48:04.078Z", "user": 1, "content_type": 14, "object_id": "2", "object_repr": "Full Stout Ahead", "action_flag": 2, "change_message": "[{\"changed\": {\"fields\": [\"Image\"]}}]"}}, {"model": "admin.logentry", "pk": 31, "fields": {"action_time": "2021-11-09T14:09:57.716Z", "user": 1, "content_type": 14, "object_id": "4", "object_repr": "Trade Secret  Belgian blonde 6%ABV", "action_flag": 2, "change_message": "[{\"changed\": {\"fields\": [\"Name\"]}}]"}}, {"model": "admin.logentry", "pk": 32, "fields": {"action_time": "2021-11-09T14:10:48.747Z", "user": 1, "content_type": 14, "object_id": "9", "object_repr": "Tastes Like Sumt'n 6%ABV 500ml", "action_flag": 2, "change_message": "[{\"changed\": {\"fields\": [\"Name\"]}}]"}}, {"model": "admin.logentry", "pk": 33, "fields": {"action_time": "2021-11-09T14:11:12.767Z", "user": 1, "content_type": 14, "object_id": "1", "object_repr": "West Coast IPA 6%ABV 330ml", "action_flag": 2, "change_message": "[{\"changed\": {\"fields\": [\"Name\"]}}]"}}, {"model": "admin.logentry", "pk": 34, "fields": {"action_time": "2021-11-09T14:11:37.376Z", "user": 1, "content_type": 14, "object_id": "4", "object_repr": "Trade Secret 6%ABV 330ml", "action_flag": 2, "change_message": "[{\"changed\": {\"fields\": [\"Name\"]}}]"}}, {"model": "admin.logentry", "pk": 35, "fields": {"action_time": "2021-11-09T14:12:43.854Z", "user": 1, "content_type": 14, "object_id": "3", "object_repr": "BIMBO'S Imperial Red", "action_flag": 2, "change_message": "[{\"changed\": {\"fields\": [\"Name\", \"Description\"]}}]"}}, {"model": "admin.logentry", "pk": 36, "fields": {"action_time": "2021-11-09T14:13:27.884Z", "user": 1, "content_type": 14, "object_id": "9", "object_repr": "Tastes Like Sumt'n IPA", "action_flag": 2, "change_message": "[{\"changed\": {\"fields\": [\"Name\", \"Description\"]}}]"}}, {"model": "admin.logentry", "pk": 37, "fields": {"action_time": "2021-11-09T14:14:18.713Z", "user": 1, "content_type": 14, "object_id": "4", "object_repr": "Trade Secret Belgian Blonde", "action_flag": 2, "change_message": "[{\"changed\": {\"fields\": [\"Name\", \"Description\"]}}]"}}, {"model": "admin.logentry", "pk": 38, "fields": {"action_time": "2021-11-09T14:15:04.439Z", "user": 1, "content_type": 14, "object_id": "1", "object_repr": "West Coast IPA", "action_flag": 2, "change_message": "[{\"changed\": {\"fields\": [\"Name\", \"Description\"]}}]"}}, {"model": "admin.logentry", "pk": 39, "fields": {"action_time": "2021-11-09T14:15:53.616Z", "user": 1, "content_type": 14, "object_id": "5", "object_repr": "New World Pale Ale", "action_flag": 2, "change_message": "[{\"changed\": {\"fields\": [\"Name\", \"Description\"]}}]"}}, {"model": "admin.logentry", "pk": 40, "fields": {"action_time": "2021-11-09T14:16:18.908Z", "user": 1, "content_type": 14, "object_id": "2", "object_repr": "Full Stout Ahead", "action_flag": 2, "change_message": "[{\"changed\": {\"fields\": [\"Description\"]}}]"}}, {"model": "auth.user", "pk": 1, "fields": {"password": "pbkdf2_sha256$260000$9HO0y7vB35AmwOXcm55k55$eW7sUEKNfazcKlWQ5yC1iSxmHOn/wXdC/BFdxuUZOmY=", "last_login": "2021-12-10T12:10:05.403Z", "is_superuser": true, "username": "pbaker321", "first_name": "", "last_name": "", "email": "pete.baker111@gmail.com", "is_staff": true, "is_active": true, "date_joined": "2021-10-22T12:51:20.710Z", "groups": [], "user_permissions": []}}, {"model": "auth.user", "pk": 2, "fields": {"password": "pbkdf2_sha256$260000$CtcrCFdX5A6WYg1Q6OogVz$SyhcwmO7v1VbY3aTvCCzpmotIZVIbctDVik5Ff7zglA=", "last_login": "2021-12-10T12:14:35.874Z", "is_superuser": false, "username": "testytest", "first_name": "", "last_name": "", "email": "test@test.com", "is_staff": false, "is_active": true, "date_joined": "2021-12-10T12:13:01.968Z", "groups": [], "user_permissions": []}}, {"model": "sessions.session", "pk": "0e6b0u1h6l4gqx6fom8n3oebn5vbg8f6", "fields": {"session_data": ".eJxVTjkOgzAQ_MvWyDJeSz7K9HkDWtu7QBKBxFEh_h4jUSRTTDGX5oCO9m3o9pWXbiwQoYXmV0uU3zxdRnnR1M8qz9O2jEldEXW7q3rOhT-PO_s3MNA61LYtpCU478QwizcBGY24toKFjZFiJHivC6JlsR61DYyZMwVvndN1NFEP8agHIzaAENsGXOXz_ALbjD2N:1mnfQQ:mk-jMnv_jHx6q31OKqeEWy5Fuzk1I0GQvmJCw37B-QA", "expire_date": "2021-12-02T11:17:54.103Z"}}, {"model": "sessions.session", "pk": "50vum4qouk9n1bdorc0x76e67zx3tvfy", "fields": {"session_data": ".eJxljEFugzAQRe8ya4SMB0xgmX3PYI3tIbgldmRj1KrK3VMqFCnK9r33_y-QtbGEVW-c_OTZab6SX2AMZVmqpy2ZE4wgoQJNZZ3_gfbunRmyXxx24T4pXGJtY1iTN_We1IfN9Ud0vJyP9uVgpjz_rdEN1J1ITG0nG-xUKyRSr_A02M4ZNWAvhSEkHLARsrfM2EhshXVKIRmxn2bO2ceg-fvm0w-MooJMG2sfpgjjmgrfH6lFVYY:1mxQzX:4uU90UChMTHY4i9S1ku2v0zUZPrQbuAqVA8phiaKPAI", "expire_date": "2021-12-29T09:54:31.393Z"}}, {"model": "sessions.session", "pk": "6ljrz4bdw4ed7vsmjiitflgp81zsc8z4", "fields": {"session_data": "e30:1mvegY:wgyPU5fmqDgbfQY8dtMBCqPOFXYnWszaEPYovivpRnk", "expire_date": "2021-12-24T12:07:34.759Z"}}, {"model": "sessions.session", "pk": "ov5ygvu03ce5d0weg8jbah6jk7h0xsrg", "fields": {"session_data": "eyJiYWciOnsiMSI6M319:1mo4K0:wHvBeLoanNydHvwfasTxTOkheOQm4Oaym4fQ9SEtLHs", "expire_date": "2021-12-03T13:52:56.879Z"}}, {"model": "sessions.session", "pk": "tjllqm9i6r8kw4nbokybcv3ujclar2yt", "fields": {"session_data": ".eJxVjEsOgzAMRO_idRSFODSfZfc9AwqJDbQVSHxWiLs3VGyYhWXNm5kd2thB2EFDqARUEGoB9v_7cpUAAwEFIISHgLrgQ0ATt7VvtoXmZsgQSuvmtTF9aDxBfsexm2SaxnUeWnlG5EUX-ZoyfZ9X9jbQx6UvbZOjYm-dZU3ETnsk1GyrImLSmrNm75zKiIbYOFTGEyZK0TtjrYLjB-xLQgo:1mpqwj:rq-hteQA6omjq2diET93PedkU9pSxSxf1ObL2ctHUxI", "expire_date": "2021-12-08T12:00:17.216Z"}}, {"model": "sessions.session", "pk": "xavw2db9tfpzuabchii9ualpi6v4dj12", "fields": {"session_data": ".eJxVjEEOwiAURO_C2hAKJECX7j0DoTDfogZMaZMa491tky50ljNv3pv5sMyjXxomnxPrWcdOv90Q4h1lH9ItlGvlsZZ5ygPfEX6sjV9qwuN8sH-CMbRxe-sUBDljDUmArHQKSpLptoAgJSVJzlqRlNIgbZXQDioiBme1MWKXNrSWa_FYn3l6sV58vozsPvw:1mdua4:-aALbD13EYajleeTuBR9lqEodNfUmLC5rBQikHaUSoM", "expire_date": "2021-11-05T13:27:32.364Z"}}, {"model": "sites.site", "pk": 1, "fields": {"domain": "craftybear.example.com", "name": "Crafty Bear"}}, {"model": "account.emailaddress", "pk": 1, "fields": {"user": 1, "email": "pete.baker111@gmail.com", "verified": true, "primary": true}}, {"model": "account.emailaddress", "pk": 2, "fields": {"user": 2, "email": "test@test.com", "verified": true, "primary": true}}, {"model": "products.category", "pk": 1, "fields": {"name": "Cans", "friendly_name": "Cans"}}, {"model": "products.category", "pk": 2, "fields": {"name": "Bottles", "friendly_name": "Bottles"}}, {"model": "products.category", "pk": 3, "fields": {"name": "IPA", "friendly_name": "IPA"}}, {"model": "products.category", "pk": 4, "fields": {"name": "Stout", "friendly_name": "Stout"}}, {"model": "products.category", "pk": 5, "fields": {"name": "Merchandise", "friendly_name": "Merchandise"}}, {"model": "products.product", "pk": 1, "fields": {"category": 3, "sku": "IPA01", "name": "West Coast IPA", "description": "A straight-up IPA at 6% ABV. It's a darkish amber colour and slightly murky with it. The aroma is a lovely blend of orange fruit, Christmas spices and dry minerals, old school yet bright and fresh. It tastes heavy and funky, packed with greasy resins. The mineral side is strongly accentuated, adding to the hop bitterness, so a sip starts on summer fruit, sails past oily winter herbs.\r\n6%ABV 330ml", "price": "3.49", "rating": null, "image_url": null, "image": "westcoast.jpg"}}, {"model": "products.product", "pk": 2, "fields": {"category": 4, "sku": "STO01", "name": "Full Stout Ahead", "description": "A smooth chocolate stout using cocoa nibs to dry hop it, giving it a beautiful creamy stout mouthfeel on every sip. The complex malt bill is not shy and you can slowly pull apart the roasted barley, chocolate malt and the crystals all lingering in the background of every sip. With it coming in at 7.5%, this is a perfect sipper.\r\n7.5%ABV 330ml", "price": "4.00", "rating": null, "image_url": null, "image": "full-stout-ahead_grEEQmd.jpg"}}, {"model": "products.product", "pk": 3, "fields": {"category": 3, "sku": "IPA02", "name": "BIMBO'S Imperial Red", "description": "These products are one of our most popular and are currently available to buy in store. With the greatest variety available, you can be sure we have what you need. Stop by Crafty Bear Brewing today to learn more.\r\n8%ABV 330ml", "price": "3.49", "rating": null, "image_url": null, "image": "bimbo.jpg"}}, {"model": "products.product", "pk": 4, "fields": {"category": 1, "sku": "CAN01", "name": "Trade Secret Belgian Blonde", "description": "This Belgian Blonde has Smooth rounded flavours. Moderate grain sweetness balanced by medium bitterness from a combination of alcohol and hops. Notes of soft caramelisation and sweetness. Lightly hopped with Citra to allow some zest to come through gently, along with some earth and spice. Yeast character is mellow but subtle with a fruity smell often perceived as orange-like or lemony. Finish is moderately dry, Some warming alcohol character should be noticeable in the aftertaste.\r\n6%ABV 330ml", "price": "4.00", "rating": null, "image_url": null, "image": "trade-secret.jpg"}}, {"model": "products.product", "pk": 5, "fields": {"category": 3, "sku": "IPA03", "name": "New World Pale Ale", "description": "It's a darkish amber colour and slightly murky with it. The aroma is a lovely blend of orange fruit, Christmas spices and dry minerals, old school yet bright and fresh. It tastes heavy and funky, packed with greasy resins. The mineral side is strongly accentuated, adding to the hop bitterness, so a sip starts on summer fruit, sails past oily winter herbs.\r\n6%ABV 500ml", "price": "2.50", "rating": null, "image_url": null, "image": "westcoast_ZSthh1z.jpg"}}, {"model": "products.product", "pk": 6, "fields": {"category": 5, "sku": "MERCH01", "name": "11oz Black Mug", "description": "Crafty Bear mug. So now your coffee can look cool.", "price": "9.50", "rating": null, "image_url": null, "image": "black-mug.jpg"}}, {"model": "products.product", "pk": 7, "fields": {"category": 5, "sku": "MERCH02", "name": "11oz White Mug", "description": "Old School Crafty Bear mug!!", "price": "7.50", "rating": null, "image_url": null, "image": "white-mug2.jpg"}}, {"model": "products.product", "pk": 8, "fields": {"category": 5, "sku": "MERCH03", "name": "Snug-Fit Polyester Face Mask", "description": "Keep safe in style with the Crafty Bear mask.", "price": "4.50", "rating": null, "image_url": null, "image": "facemask.jpg"}}, {"model": "products.product", "pk": 9, "fields": {"category": 2, "sku": "BOTT01", "name": "Tastes Like Sumt'n IPA", "description": "A straight-up IPA at 6% ABV. It's a darkish amber colour and slightly murky with it. The aroma is a lovely blend of orange fruit, Christmas spices and dry minerals, old school yet bright and fresh. It tastes heavy and funky, packed with greasy resins. The mineral side is strongly accentuated, adding to the hop bitterness, so a sip starts on summer fruit, sails past oily winter herbs.\r\n6%ABV 500ml", "price": "4.49", "rating": null, "image_url": null, "image": "ipa-bottle.jpeg"}}, {"model": "checkout.order", "pk": 1, "fields": {"order_number": "6A478371DE1B42D19B4F6C2304D3DF46", "user_profile": null, "full_name": "test", "email": "test@test.com", "phone_number": "1234567890", "country": "US", "postcode": "12345", "town_or_city": "anywhere", "street_address1": "anywhere", "street_address2": "anywhere", "county": "anywhere", "date": "2021-12-03T10:59:35.670Z", "delivery_cost": "1.60", "order_total": "31.92", "grand_total": "33.52", "original_bag": "", "stripe_pid": ""}}, {"model": "checkout.order", "pk": 2, "fields": {"order_number": "65262E16A6214849A2F79446610AB0D7", "user_profile": null, "full_name": "test", "email": "test@test.com", "phone_number": "1234567890", "country": "US", "postcode": "12345", "town_or_city": "anywhere", "street_address1": "anywhere", "street_address2": "anywhere", "county": "anywhere", "date": "2021-12-03T11:45:57.241Z", "delivery_cost": "0.68", "order_total": "13.50", "grand_total": "14.18", "original_bag": "", "stripe_pid": ""}}, {"model": "checkout.order", "pk": 3, "fields": {"order_number": "38B3AD1008C64AC1BE22B673D4C8BD04", "user_profile": null, "full_name": "test", "email": "test@test.com", "phone_number": "1234567890", "country": "US", "postcode": "12345", "town_or_city": "anywhere", "street_address1": "anywhere", "street_address2": "anywhere", "county": "anywhere", "date": "2021-12-03T12:16:28.774Z", "delivery_cost": "0.00", "order_total": "133.31", "grand_total": "133.31", "original_bag": "", "stripe_pid": ""}}, {"model": "checkout.order", "pk": 4, "fields": {"order_number": "5AC0229299FF4CF1A6E819DADE0B961B", "user_profile": null, "full_name": "test", "email": "test@test.com", "phone_number": "1234567890", "country": "US", "postcode": "12345", "town_or_city": "anywhere", "street_address1": "anywhere", "street_address2": "anywhere", "county": "anywhere", "date": "2021-12-03T14:33:16.202Z", "delivery_cost": "0.00", "order_total": "123.76", "grand_total": "123.76", "original_bag": "", "stripe_pid": ""}}, {"model": "checkout.order", "pk": 5, "fields": {"order_number": "7AA86D5A6A8149C68A5577D80AEEBDD3", "user_profile": null, "full_name": "test", "email": "test@test.com", "phone_number": "1234567890", "country": "US", "postcode": "12345", "town_or_city": "anywhere", "street_address1": "anywhere", "street_address2": "anywhere", "county": "anywhere", "date": "2021-12-03T16:03:56.548Z", "delivery_cost": "4.54", "order_total": "90.74", "grand_total": "95.28", "original_bag": "{\"1\": 20, \"3\": 6}", "stripe_pid": "pi_3K2eE5L25QR6TYZQ13aMxZlc"}}, {"model": "checkout.order", "pk": 6, "fields": {"order_number": "B3F571BCBEB24613BEF595275CF16C99", "user_profile": null, "full_name": "test", "email": "test@test.com", "phone_number": "1234567890", "country": "US", "postcode": "12345", "town_or_city": "anywhere", "street_address1": "anywhere", "street_address2": "anywhere", "county": "anywhere", "date": "2021-12-03T16:14:09.584Z", "delivery_cost": "1.20", "order_total": "24.00", "grand_total": "25.20", "original_bag": "{\"2\": 6}", "stripe_pid": "pi_3K2eNZL25QR6TYZQ0smfq8El"}}, {"model": "checkout.order", "pk": 7, "fields": {"order_number": "1305EB86689A4ABDA03C92C7E159A482", "user_profile": null, "full_name": "test", "email": "test@test.com", "phone_number": "1234567890", "country": "US", "postcode": "12345", "town_or_city": "anywherea", "street_address1": "anywhere", "street_address2": "anywhere", "county": "anywhere", "date": "2021-12-03T16:16:44.791Z", "delivery_cost": "0.17", "order_total": "3.49", "grand_total": "3.66", "original_bag": "{\"1\": 1}", "stripe_pid": "pi_3K2eQgL25QR6TYZQ07ehbV4T"}}, {"model": "checkout.order", "pk": 8, "fields": {"order_number": "3870D77A4F5F42D5B8018242C9345E71", "user_profile": null, "full_name": "test", "email": "test@test.com", "phone_number": "1234567890", "country": "US", "postcode": "12345", "town_or_city": "anywhere", "street_address1": "anywhere", "street_address2": "anywhere", "county": "anywhere", "date": "2021-12-03T16:18:42.752Z", "delivery_cost": "0.20", "order_total": "4.00", "grand_total": "4.20", "original_bag": "{\"2\": 1}", "stripe_pid": "pi_3K2eSbL25QR6TYZQ0rZllx7P"}}, {"model": "checkout.order", "pk": 9, "fields": {"order_number": "CA6305FEEAFF4AE0AC0BFCA4297CDF92", "user_profile": 2, "full_name": "test", "email": "test@test.com", "phone_number": "1234567890", "country": "AF", "postcode": "12345", "town_or_city": "anywhere", "street_address1": "123 45th Street", "street_address2": null, "county": "anywhere", "date": "2021-12-10T15:56:42.450Z", "delivery_cost": "0.17", "order_total": "3.49", "grand_total": "3.66", "original_bag": "{\"3\": 1}", "stripe_pid": "pi_3K5BRcL25QR6TYZQ1zQtaZbk"}}, {"model": "checkout.order", "pk": 10, "fields": {"order_number": "06CF8D20E6814D4AB78B7949D03EF9F9", "user_profile": null, "full_name": "test", "email": "test@test.com", "phone_number": "1234567890", "country": "AF", "postcode": "12345", "town_or_city": "anywhere", "street_address1": "123 45th Street", "street_address2": null, "county": "anywhere", "date": "2021-12-10T16:24:51.463Z", "delivery_cost": "0.85", "order_total": "16.99", "grand_total": "17.84", "original_bag": "{\"3\": 1, \"4\": 1, \"6\": 1}", "stripe_pid": "pi_3K5BnqL25QR6TYZQ0kx6H2L4"}}, {"model": "checkout.order", "pk": 11, "fields": {"order_number": "4FB7997DDFA54CFAB59D2001A39B1FC3", "user_profile": 2, "full_name": "test", "email": "test@test.com", "phone_number": "1234567890", "country": "AF", "postcode": "12345", "town_or_city": "anywhere", "street_address1": "123 45th Street", "street_address2": null, "county": "anywhere", "date": "2021-12-10T16:26:43.791Z", "delivery_cost": "0.85", "order_total": "16.99", "grand_total": "17.84", "original_bag": "{\"3\": 1, \"4\": 1, \"6\": 1}", "stripe_pid": "pi_3K5BvSL25QR6TYZQ1JUaBzFx"}}, {"model": "checkout.order", "pk": 12, "fields": {"order_number": "7CB6966AF5274D59B49B868933E96924", "user_profile": 2, "full_name": "TestUser", "email": "test@test.com", "phone_number": "1234567890", "country": "AF", "postcode": "12345", "town_or_city": "anywhere", "street_address1": "123 45th Street", "street_address2": null, "county": "anywhere", "date": "2021-12-14T09:41:52.132Z", "delivery_cost": "1.50", "order_total": "30.00", "grand_total": "31.50", "original_bag": "{\"5\": 12}", "stripe_pid": "pi_3K6XVwL25QR6TYZQ1yVTkfNh"}}, {"model": "checkout.order", "pk": 13, "fields": {"order_number": "F7E0D8EAC117453A887035FCF019AF38", "user_profile": 2, "full_name": "TestUser", "email": "test@test.com", "phone_number": "1234567890", "country": "AF", "postcode": "12345", "town_or_city": "anywhere", "street_address1": "123 45th Street", "street_address2": null, "county": "anywhere", "date": "2021-12-15T08:52:14.456Z", "delivery_cost": "1.05", "order_total": "20.94", "grand_total": "21.99", "original_bag": "{\"1\": 6}", "stripe_pid": "pi_3K6tDOL25QR6TYZQ1539xyZ0"}}, {"model": "checkout.order", "pk": 14, "fields": {"order_number": "7348F85B803944B78969D7056FD54F1D", "user_profile": 2, "full_name": "TestUser", "email": "test@test.com", "phone_number": "1234567890", "country": "AF", "postcode": "12345", "town_or_city": "anywhere", "street_address1": "123 45th Street", "street_address2": null, "county": "anywhere", "date": "2021-12-15T09:18:35.677Z", "delivery_cost": "0.87", "order_total": "17.45", "grand_total": "18.32", "original_bag": "{\"3\": 5}", "stripe_pid": "pi_3K6tcWL25QR6TYZQ1hbHOD6Q"}}, {"model": "checkout.order", "pk": 15, "fields": {"order_number": "B9F87A07A082422CB96745251BF23284", "user_profile": 2, "full_name": "TestUser", "email": "test@test.com", "phone_number": "1234567890", "country": "AF", "postcode": "12345", "town_or_city": "anywhere", "street_address1": "123 45th Street", "street_address2": null, "county": "anywhere", "date": "2021-12-15T09:19:46.845Z", "delivery_cost": "2.00", "order_total": "40.00", "grand_total": "42.00", "original_bag": "{\"2\": 10}", "stripe_pid": "pi_3K6te5L25QR6TYZQ0gGLZOP9"}}, {"model": "checkout.order", "pk": 16, "fields": {"order_number": "B42AE3D11121463B805186F56FE72C3A", "user_profile": 2, "full_name": "test email", "email": "test@test.com", "phone_number": "1234567890", "country": "AF", "postcode": "12345", "town_or_city": "anywhere", "street_address1": "123 45th Street", "street_address2": null, "county": "anywhere", "date": "2021-12-15T09:31:06.044Z", "delivery_cost": "2.38", "order_total": "47.50", "grand_total": "49.88", "original_bag": "{\"6\": 5}", "stripe_pid": "pi_3K6tozL25QR6TYZQ1Jy03w6X"}}, {"model": "checkout.order", "pk": 17, "fields": {"order_number": "315B2C0A93FA4A30A1279EAF4A67355D", "user_profile": 2, "full_name": "test email", "email": "test@test.com", "phone_number": "1234567890", "country": "AF", "postcode": "12345", "town_or_city": "anywhere", "street_address1": "123 45th Street", "street_address2": null, "county": "anywhere", "date": "2021-12-15T09:42:04.383Z", "delivery_cost": "1.05", "order_total": "20.94", "grand_total": "21.99", "original_bag": "{\"1\": 6}", "stripe_pid": "pi_3K6tzeL25QR6TYZQ1NIuBr7c"}}, {"model": "checkout.order", "pk": 18, "fields": {"order_number": "21C7F1528CA044B9826570E0602210AC", "user_profile": 2, "full_name": "TestUser", "email": "test@test.com", "phone_number": "1234567890", "country": "AF", "postcode": "12345", "town_or_city": "anywhere", "street_address1": "123 45th Street", "street_address2": null, "county": "anywhere", "date": "2021-12-15T09:54:31.280Z", "delivery_cost": "2.25", "order_total": "45.00", "grand_total": "47.25", "original_bag": "{\"7\": 6}", "stripe_pid": "pi_3K6uBgL25QR6TYZQ1etgqHxU"}}, {"model": "checkout.orderlineitem", "pk": 1, "fields": {"order": 1, "product": 2, "quantity": 1, "lineitem_total": "4.00"}}, {"model": "checkout.orderlineitem", "pk": 2, "fields": {"order": 1, "product": 1, "quantity": 3, "lineitem_total": "10.47"}}, {"model": "checkout.orderlineitem", "pk": 3, "fields": {"order": 1, "product": 3, "quantity": 5, "lineitem_total": "17.45"}}, {"model": "checkout.orderlineitem", "pk": 4, "fields": {"order": 2, "product": 6, "quantity": 1, "lineitem_total": "9.50"}}, {"model": "checkout.orderlineitem", "pk": 5, "fields": {"order": 2, "product": 4, "quantity": 1, "lineitem_total": "4.00"}}, {"model": "checkout.orderlineitem", "pk": 6, "fields": {"order": 3, "product": 1, "quantity": 7, "lineitem_total": "24.43"}}, {"model": "checkout.orderlineitem", "pk": 7, "fields": {"order": 3, "product": 7, "quantity": 2, "lineitem_total": "15.00"}}, {"model": "checkout.orderlineitem", "pk": 8, "fields": {"order": 3, "product": 9, "quantity": 12, "lineitem_total": "53.88"}}, {"model": "checkout.orderlineitem", "pk": 9, "fields": {"order": 3, "product": 2, "quantity": 10, "lineitem_total": "40.00"}}, {"model": "checkout.orderlineitem", "pk": 10, "fields": {"order": 4, "product": 3, "quantity": 24, "lineitem_total": "83.76"}}, {"model": "checkout.orderlineitem", "pk": 11, "fields": {"order": 4, "product": 5, "quantity": 16, "lineitem_total": "40.00"}}, {"model": "checkout.orderlineitem", "pk": 12, "fields": {"order": 5, "product": 1, "quantity": 20, "lineitem_total": "69.80"}}, {"model": "checkout.orderlineitem", "pk": 13, "fields": {"order": 5, "product": 3, "quantity": 6, "lineitem_total": "20.94"}}, {"model": "checkout.orderlineitem", "pk": 14, "fields": {"order": 6, "product": 2, "quantity": 6, "lineitem_total": "24.00"}}, {"model": "checkout.orderlineitem", "pk": 15, "fields": {"order": 7, "product": 1, "quantity": 1, "lineitem_total": "3.49"}}, {"model": "checkout.orderlineitem", "pk": 16, "fields": {"order": 8, "product": 2, "quantity": 1, "lineitem_total": "4.00"}}, {"model": "checkout.orderlineitem", "pk": 17, "fields": {"order": 9, "product": 3, "quantity": 1, "lineitem_total": "3.49"}}, {"model": "checkout.orderlineitem", "pk": 18, "fields": {"order": 10, "product": 3, "quantity": 1, "lineitem_total": "3.49"}}, {"model": "checkout.orderlineitem", "pk": 19, "fields": {"order": 10, "product": 4, "quantity": 1, "lineitem_total": "4.00"}}, {"model": "checkout.orderlineitem", "pk": 20, "fields": {"order": 10, "product": 6, "quantity": 1, "lineitem_total": "9.50"}}, {"model": "checkout.orderlineitem", "pk": 21, "fields": {"order": 11, "product": 3, "quantity": 1, "lineitem_total": "3.49"}}, {"model": "checkout.orderlineitem", "pk": 22, "fields": {"order": 11, "product": 4, "quantity": 1, "lineitem_total": "4.00"}}, {"model": "checkout.orderlineitem", "pk": 23, "fields": {"order": 11, "product": 6, "quantity": 1, "lineitem_total": "9.50"}}, {"model": "checkout.orderlineitem", "pk": 24, "fields": {"order": 12, "product": 5, "quantity": 12, "lineitem_total": "30.00"}}, {"model": "checkout.orderlineitem", "pk": 25, "fields": {"order": 13, "product": 1, "quantity": 6, "lineitem_total": "20.94"}}, {"model": "checkout.orderlineitem", "pk": 26, "fields": {"order": 14, "product": 3, "quantity": 5, "lineitem_total": "17.45"}}, {"model": "checkout.orderlineitem", "pk": 27, "fields": {"order": 15, "product": 2, "quantity": 10, "lineitem_total": "40.00"}}, {"model": "checkout.orderlineitem", "pk": 28, "fields": {"order": 16, "product": 6, "quantity": 5, "lineitem_total": "47.50"}}, {"model": "checkout.orderlineitem", "pk": 29, "fields": {"order": 17, "product": 1, "quantity": 6, "lineitem_total": "20.94"}}, {"model": "checkout.orderlineitem", "pk": 30, "fields": {"order": 18, "product": 7, "quantity": 6, "lineitem_total": "45.00"}}, {"model": "profiles.userprofile", "pk": 1, "fields": {"user": 1, "default_phone_number": null, "default_street_address1": null, "default_street_address2": null, "default_town_or_city": null, "default_county": null, "default_postcode": null, "default_country": null}}, {"model": "profiles.userprofile", "pk": 2, "fields": {"user": 2, "default_phone_number": "1234567890", "default_street_address1": "123 45th Street", "default_street_address2": null, "default_town_or_city": "anywhere", "default_county": "anywhere", "default_postcode": "12345", "default_country": "AF"}}]